observation_date,NFCI
1973-01-05,-0.14897
1973-01-12,-0.04793
1973-01-19,0.08058
1973-01-26,0.23213
1973-02-02,0.40013
1973-02-09,0.57453
1973-02-16,0.74386
1973-02-23,0.89847
1973-03-02,1.02915
1973-03-09,1.13061
1973-03-16,1.20019
1973-03-23,1.24109
1973-03-30,1.25710
1973-04-06,1.25280
1973-04-13,1.23542
1973-04-20,1.21009
1973-04-27,1.18219
1973-05-04,1.15473
1973-05-11,1.13108
1973-05-18,1.11320
1973-05-25,1.10332
1973-06-01,1.10414
1973-06-08,1.11887
1973-06-15,1.14948
1973-06-22,1.19835
1973-06-29,1.26746
1973-07-06,1.35601
1973-07-13,1.46278
1973-07-20,1.58319
1973-07-27,1.71310
1973-08-03,1.84532
1973-08-10,1.97440
1973-08-17,2.09483
1973-08-24,2.20144
1973-08-31,2.28893
1973-09-07,2.35248
1973-09-14,2.38964
1973-09-21,2.40117
1973-09-28,2.38873
1973-10-05,2.35467
1973-10-12,2.30758
1973-10-19,2.25318
1973-10-26,2.20082
1973-11-02,2.15628
1973-11-09,2.12354
1973-11-16,2.10287
1973-11-23,2.08761
1973-11-30,2.06864
1973-12-07,2.03349
1973-12-14,1.97304
1973-12-21,1.88045
1973-12-28,1.75397
1974-01-04,1.59441
1974-01-11,1.41272
1974-01-18,1.21806
1974-01-25,1.02267
1974-02-01,0.83972
1974-02-08,0.68045
1974-02-15,0.55478
1974-02-22,0.47120
1974-03-01,0.43501
1974-03-08,0.44956
1974-03-15,0.51697
1974-03-22,0.63620
1974-03-29,0.80438
1974-04-05,1.01738
1974-04-12,1.27090
1974-04-19,1.55854
1974-04-26,1.87465
1974-05-03,2.21204
1974-05-10,2.56553
1974-05-17,2.92784
1974-05-24,3.28978
1974-05-31,3.64458
1974-06-07,3.98396
1974-06-14,4.29772
1974-06-21,4.57690
1974-06-28,4.81011
1974-07-05,4.98671
1974-07-12,5.10098
1974-07-19,5.15155
1974-07-26,5.14350
1974-08-02,5.08683
1974-08-09,4.99003
1974-08-16,4.86786
1974-08-23,4.72837
1974-08-30,4.58086
1974-09-06,4.42862
1974-09-13,4.27372
1974-09-20,4.11627
1974-09-27,3.95146
1974-10-04,3.77939
1974-10-11,3.59942
1974-10-18,3.41973
1974-10-25,3.24876
1974-11-01,3.09383
1974-11-08,2.96219
1974-11-15,2.85599
1974-11-22,2.77117
1974-11-29,2.70351
1974-12-06,2.64362
1974-12-13,2.58191
1974-12-20,2.51134
1974-12-27,2.42312
1975-01-03,2.31424
1975-01-10,2.18337
1975-01-17,2.03497
1975-01-24,1.87530
1975-01-31,1.71049
1975-02-07,1.54669
1975-02-14,1.39071
1975-02-21,1.24446
1975-02-28,1.10904
1975-03-07,0.98495
1975-03-14,0.87079
1975-03-21,0.76496
1975-03-28,0.66451
1975-04-04,0.56679
1975-04-11,0.47074
1975-04-18,0.37595
1975-04-25,0.28230
1975-05-02,0.19255
1975-05-09,0.10852
1975-05-16,0.03261
1975-05-23,-0.03381
1975-05-30,-0.08746
1975-06-06,-0.12794
1975-06-13,-0.15552
1975-06-20,-0.17185
1975-06-27,-0.17879
1975-07-04,-0.17889
1975-07-11,-0.17498
1975-07-18,-0.16918
1975-07-25,-0.16164
1975-08-01,-0.15228
1975-08-08,-0.14003
1975-08-15,-0.12463
1975-08-22,-0.10466
1975-08-29,-0.07992
1975-09-05,-0.05126
1975-09-12,-0.01922
1975-09-19,0.01495
1975-09-26,0.04854
1975-10-03,0.08017
1975-10-10,0.10620
1975-10-17,0.12561
1975-10-24,0.13742
1975-10-31,0.14080
1975-11-07,0.13434
1975-11-14,0.11758
1975-11-21,0.08999
1975-11-28,0.05128
1975-12-05,0.00155
1975-12-12,-0.05763
1975-12-19,-0.12416
1975-12-26,-0.19614
1976-01-02,-0.27098
1976-01-09,-0.34546
1976-01-16,-0.41632
1976-01-23,-0.48177
1976-01-30,-0.54039
1976-02-06,-0.59161
1976-02-13,-0.63466
1976-02-20,-0.67072
1976-02-27,-0.70009
1976-03-05,-0.72305
1976-03-12,-0.73911
1976-03-19,-0.74833
1976-03-26,-0.75000
1976-04-02,-0.74329
1976-04-09,-0.72788
1976-04-16,-0.70372
1976-04-23,-0.67218
1976-04-30,-0.63498
1976-05-07,-0.59480
1976-05-14,-0.55512
1976-05-21,-0.51958
1976-05-28,-0.49112
1976-06-04,-0.47268
1976-06-11,-0.46566
1976-06-18,-0.46953
1976-06-25,-0.48400
1976-07-02,-0.50672
1976-07-09,-0.53505
1976-07-16,-0.56625
1976-07-23,-0.59820
1976-07-30,-0.62843
1976-08-06,-0.65537
1976-08-13,-0.67840
1976-08-20,-0.69684
1976-08-27,-0.71050
1976-09-03,-0.71975
1976-09-10,-0.72485
1976-09-17,-0.72652
1976-09-24,-0.72531
1976-10-01,-0.72106
1976-10-08,-0.71495
1976-10-15,-0.70744
1976-10-22,-0.69861
1976-10-29,-0.68874
1976-11-05,-0.67928
1976-11-12,-0.67123
1976-11-19,-0.66586
1976-11-26,-0.66514
1976-12-03,-0.67005
1976-12-10,-0.68245
1976-12-17,-0.70169
1976-12-24,-0.72785
1976-12-31,-0.75993
1977-01-07,-0.79640
1977-01-14,-0.83357
1977-01-21,-0.86930
1977-01-28,-0.90091
1977-02-04,-0.92573
1977-02-11,-0.94216
1977-02-18,-0.94937
1977-02-25,-0.94697
1977-03-04,-0.93511
1977-03-11,-0.91520
1977-03-18,-0.88814
1977-03-25,-0.85542
1977-04-01,-0.81859
1977-04-08,-0.77913
1977-04-15,-0.73767
1977-04-22,-0.69590
1977-04-29,-0.65459
1977-05-06,-0.61555
1977-05-13,-0.57996
1977-05-20,-0.54945
1977-05-27,-0.52486
1977-06-03,-0.50714
1977-06-10,-0.49627
1977-06-17,-0.49120
1977-06-24,-0.49119
1977-07-01,-0.49496
1977-07-08,-0.50110
1977-07-15,-0.50726
1977-07-22,-0.51215
1977-07-29,-0.51424
1977-08-05,-0.51276
1977-08-12,-0.50775
1977-08-19,-0.49893
1977-08-26,-0.48707
1977-09-02,-0.47183
1977-09-09,-0.45324
1977-09-16,-0.43105
1977-09-23,-0.40612
1977-09-30,-0.37897
1977-10-07,-0.35122
1977-10-14,-0.32351
1977-10-21,-0.29694
1977-10-28,-0.27291
1977-11-04,-0.25209
1977-11-11,-0.23578
1977-11-18,-0.22463
1977-11-25,-0.21913
1977-12-02,-0.21896
1977-12-09,-0.22409
1977-12-16,-0.23326
1977-12-23,-0.24603
1977-12-30,-0.26035
1978-01-06,-0.27465
1978-01-13,-0.28647
1978-01-20,-0.29356
1978-01-27,-0.29402
1978-02-03,-0.28660
1978-02-10,-0.27101
1978-02-17,-0.24652
1978-02-24,-0.21352
1978-03-03,-0.17299
1978-03-10,-0.12596
1978-03-17,-0.07386
1978-03-24,-0.01808
1978-03-31,0.04023
1978-04-07,0.10020
1978-04-14,0.16153
1978-04-21,0.22385
1978-04-28,0.28662
1978-05-05,0.34816
1978-05-12,0.40767
1978-05-19,0.46360
1978-05-26,0.51432
1978-06-02,0.55874
1978-06-09,0.59484
1978-06-16,0.62173
1978-06-23,0.63785
1978-06-30,0.64248
1978-07-07,0.63559
1978-07-14,0.61808
1978-07-21,0.59226
1978-07-28,0.56049
1978-08-04,0.52638
1978-08-11,0.49542
1978-08-18,0.47428
1978-08-25,0.47003
1978-09-01,0.48866
1978-09-08,0.53609
1978-09-15,0.61553
1978-09-22,0.72689
1978-09-29,0.86843
1978-10-06,1.03303
1978-10-13,1.21295
1978-10-20,1.39661
1978-10-27,1.57282
1978-11-03,1.72806
1978-11-10,1.85471
1978-11-17,1.94551
1978-11-24,1.99393
1978-12-01,2.00233
1978-12-08,1.97174
1978-12-15,1.90585
1978-12-22,1.81089
1978-12-29,1.69237
1979-01-05,1.55654
1979-01-12,1.41028
1979-01-19,1.25956
1979-01-26,1.11017
1979-02-02,0.96648
1979-02-09,0.83197
1979-02-16,0.70839
1979-02-23,0.59744
1979-03-02,0.50122
1979-03-09,0.41968
1979-03-16,0.35392
1979-03-23,0.30351
1979-03-30,0.26865
1979-04-06,0.24858
1979-04-13,0.24257
1979-04-20,0.25014
1979-04-27,0.27036
1979-05-04,0.30216
1979-05-11,0.34448
1979-05-18,0.39664
1979-05-25,0.45773
1979-06-01,0.52643
1979-06-08,0.60068
1979-06-15,0.67847
1979-06-22,0.75761
1979-06-29,0.83708
1979-07-06,0.91545
1979-07-13,0.99369
1979-07-20,1.07396
1979-07-27,1.15779
1979-08-03,1.24691
1979-08-10,1.34241
1979-08-17,1.44582
1979-08-24,1.55685
1979-08-31,1.67441
1979-09-07,1.79637
1979-09-14,1.92101
1979-09-21,2.04452
1979-09-28,2.16181
1979-10-05,2.26876
1979-10-12,2.36031
1979-10-19,2.43140
1979-10-26,2.47785
1979-11-02,2.49731
1979-11-09,2.48540
1979-11-16,2.44445
1979-11-23,2.37668
1979-11-30,2.28773
1979-12-07,2.18457
1979-12-14,2.07519
1979-12-21,1.96917
1979-12-28,1.87298
1980-01-04,1.79517
1980-01-11,1.74594
1980-01-18,1.73183
1980-01-25,1.76148
1980-02-01,1.84147
1980-02-08,1.97331
1980-02-15,2.15680
1980-02-22,2.38672
1980-02-29,2.65283
1980-03-07,2.93744
1980-03-14,3.22464
1980-03-21,3.49027
1980-03-28,3.71149
1980-04-04,3.87514
1980-04-11,3.96333
1980-04-18,3.97065
1980-04-25,3.89829
1980-05-02,3.75140
1980-05-09,3.54072
1980-05-16,3.28285
1980-05-23,2.99231
1980-05-30,2.68224
1980-06-06,2.36780
1980-06-13,2.05923
1980-06-20,1.76371
1980-06-27,1.49323
1980-07-04,1.25796
1980-07-11,1.06363
1980-07-18,0.91836
1980-07-25,0.81965
1980-08-01,0.76621
1980-08-08,0.75392
1980-08-15,0.77319
1980-08-22,0.81448
1980-08-29,0.87496
1980-09-05,0.94793
1980-09-12,1.02642
1980-09-19,1.11432
1980-09-26,1.21166
1980-10-03,1.32210
1980-10-10,1.44721
1980-10-17,1.59735
1980-10-24,1.76966
1980-10-31,1.96703
1980-11-07,2.18422
1980-11-14,2.40983
1980-11-21,2.63671
1980-11-28,2.85399
1980-12-05,3.03928
1980-12-12,3.18056
1980-12-19,3.27487
1980-12-26,3.30068
1981-01-02,3.26795
1981-01-09,3.17821
1981-01-16,3.04367
1981-01-23,2.87361
1981-01-30,2.68403
1981-02-06,2.48403
1981-02-13,2.29021
1981-02-20,2.11453
1981-02-27,1.95708
1981-03-06,1.83016
1981-03-13,1.73604
1981-03-20,1.67747
1981-03-27,1.65635
1981-04-03,1.67314
1981-04-10,1.72323
1981-04-17,1.80790
1981-04-24,1.91531
1981-05-01,2.04347
1981-05-08,2.19082
1981-05-15,2.34987
1981-05-22,2.51471
1981-05-29,2.68690
1981-06-05,2.85392
1981-06-12,3.01593
1981-06-19,3.16280
1981-06-26,3.28891
1981-07-03,3.38771
1981-07-10,3.45751
1981-07-17,3.49708
1981-07-24,3.50434
1981-07-31,3.48669
1981-08-07,3.44368
1981-08-14,3.38221
1981-08-21,3.30902
1981-08-28,3.23232
1981-09-04,3.15508
1981-09-11,3.08501
1981-09-18,3.01923
1981-09-25,2.95822
1981-10-02,2.90478
1981-10-09,2.85103
1981-10-16,2.79942
1981-10-23,2.74656
1981-10-30,2.68808
1981-11-06,2.61978
1981-11-13,2.54330
1981-11-20,2.45850
1981-11-27,2.37043
1981-12-04,2.28489
1981-12-11,2.20345
1981-12-18,2.12674
1981-12-25,2.05852
1982-01-01,1.99712
1982-01-08,1.94607
1982-01-15,1.91141
1982-01-22,1.89214
1982-01-29,1.89205
1982-02-05,1.90402
1982-02-12,1.92821
1982-02-19,1.95985
1982-02-26,1.99441
1982-03-05,2.02541
1982-03-12,2.05200
1982-03-19,2.07609
1982-03-26,2.09690
1982-04-02,2.11494
1982-04-09,2.13702
1982-04-16,2.16424
1982-04-23,2.19915
1982-04-30,2.24592
1982-05-07,2.30692
1982-05-14,2.38365
1982-05-21,2.47492
1982-05-28,2.57228
1982-06-04,2.66849
1982-06-11,2.75986
1982-06-18,2.83736
1982-06-25,2.89540
1982-07-02,2.93356
1982-07-09,2.95654
1982-07-16,2.96924
1982-07-23,2.98519
1982-07-30,3.01361
1982-08-06,3.06275
1982-08-13,3.13402
1982-08-20,3.21876
1982-08-27,3.30749
1982-09-03,3.38302
1982-09-10,3.42646
1982-09-17,3.42098
1982-09-24,3.34979
1982-10-01,3.20713
1982-10-08,2.99702
1982-10-15,2.73239
1982-10-22,2.43498
1982-10-29,2.12653
1982-11-05,1.82736
1982-11-12,1.55261
1982-11-19,1.31261
1982-11-26,1.11171
1982-12-03,0.94722
1982-12-10,0.81411
1982-12-17,0.70527
1982-12-24,0.61049
1982-12-31,0.52466
1983-01-07,0.44410
1983-01-14,0.36821
1983-01-21,0.29696
1983-01-28,0.23200
1983-02-04,0.17423
1983-02-11,0.12515
1983-02-18,0.08617
1983-02-25,0.05727
1983-03-04,0.03594
1983-03-11,0.02170
1983-03-18,0.01184
1983-03-25,0.00175
1983-04-01,-0.01038
1983-04-08,-0.02704
1983-04-15,-0.04922
1983-04-22,-0.07644
1983-04-29,-0.10709
1983-05-06,-0.13830
1983-05-13,-0.16655
1983-05-20,-0.18873
1983-05-27,-0.20450
1983-06-03,-0.21101
1983-06-10,-0.20924
1983-06-17,-0.20072
1983-06-24,-0.18637
1983-07-01,-0.16746
1983-07-08,-0.14740
1983-07-15,-0.12735
1983-07-22,-0.11027
1983-07-29,-0.09732
1983-08-05,-0.08953
1983-08-12,-0.08673
1983-08-19,-0.08899
1983-08-26,-0.09376
1983-09-02,-0.09940
1983-09-09,-0.10393
1983-09-16,-0.10556
1983-09-23,-0.10183
1983-09-30,-0.09247
1983-10-07,-0.07659
1983-10-14,-0.05516
1983-10-21,-0.02876
1983-10-28,-0.00155
1983-11-04,0.02632
1983-11-11,0.05117
1983-11-18,0.07217
1983-11-25,0.08795
1983-12-02,0.09696
1983-12-09,0.09850
1983-12-16,0.09178
1983-12-23,0.07536
1983-12-30,0.04909
1984-01-06,0.01596
1984-01-13,-0.02269
1984-01-20,-0.06458
1984-01-27,-0.10551
1984-02-03,-0.14256
1984-02-10,-0.17324
1984-02-17,-0.19449
1984-02-24,-0.20519
1984-03-02,-0.20349
1984-03-09,-0.18786
1984-03-16,-0.15685
1984-03-23,-0.10967
1984-03-30,-0.04544
1984-04-06,0.03539
1984-04-13,0.13085
1984-04-20,0.23958
1984-04-27,0.35956
1984-05-04,0.48651
1984-05-11,0.61663
1984-05-18,0.74387
1984-05-25,0.86261
1984-06-01,0.96895
1984-06-08,1.05746
1984-06-15,1.12595
1984-06-22,1.17068
1984-06-29,1.18827
1984-07-06,1.17599
1984-07-13,1.13472
1984-07-20,1.07041
1984-07-27,0.98911
1984-08-03,0.89882
1984-08-10,0.80672
1984-08-17,0.71805
1984-08-24,0.63469
1984-08-31,0.55824
1984-09-07,0.49001
1984-09-14,0.42781
1984-09-21,0.36904
1984-09-28,0.31235
1984-10-05,0.25713
1984-10-12,0.20225
1984-10-19,0.14830
1984-10-26,0.09690
1984-11-02,0.04861
1984-11-09,0.00303
1984-11-16,-0.04095
1984-11-23,-0.08325
1984-11-30,-0.12517
1984-12-07,-0.16585
1984-12-14,-0.20712
1984-12-21,-0.24850
1984-12-28,-0.28830
1985-01-04,-0.32621
1985-01-11,-0.35886
1985-01-18,-0.38307
1985-01-25,-0.39768
1985-02-01,-0.40168
1985-02-08,-0.39526
1985-02-15,-0.38114
1985-02-22,-0.36182
1985-03-01,-0.33993
1985-03-08,-0.31904
1985-03-15,-0.30233
1985-03-22,-0.29113
1985-03-29,-0.28711
1985-04-05,-0.29207
1985-04-12,-0.30532
1985-04-19,-0.32610
1985-04-26,-0.35232
1985-05-03,-0.38077
1985-05-10,-0.41040
1985-05-17,-0.43669
1985-05-24,-0.45825
1985-05-31,-0.47339
1985-06-07,-0.48068
1985-06-14,-0.47916
1985-06-21,-0.46957
1985-06-28,-0.45218
1985-07-05,-0.42891
1985-07-12,-0.40078
1985-07-19,-0.36834
1985-07-26,-0.33253
1985-08-02,-0.29520
1985-08-09,-0.25753
1985-08-16,-0.22165
1985-08-23,-0.18991
1985-08-30,-0.16460
1985-09-06,-0.14763
1985-09-13,-0.14081
1985-09-20,-0.14570
1985-09-27,-0.16122
1985-10-04,-0.18668
1985-10-11,-0.21868
1985-10-18,-0.25359
1985-10-25,-0.28757
1985-11-01,-0.31682
1985-11-08,-0.33833
1985-11-15,-0.35058
1985-11-22,-0.35253
1985-11-29,-0.34574
1985-12-06,-0.33240
1985-12-13,-0.31531
1985-12-20,-0.29808
1985-12-27,-0.28212
1986-01-03,-0.27121
1986-01-10,-0.26547
1986-01-17,-0.26529
1986-01-24,-0.27032
1986-01-31,-0.27980
1986-02-07,-0.29107
1986-02-14,-0.30243
1986-02-21,-0.31261
1986-02-28,-0.32106
1986-03-07,-0.32826
1986-03-14,-0.33559
1986-03-21,-0.34427
1986-03-28,-0.35623
1986-04-04,-0.37336
1986-04-11,-0.39463
1986-04-18,-0.41860
1986-04-25,-0.44362
1986-05-02,-0.46617
1986-05-09,-0.48419
1986-05-16,-0.49596
1986-05-23,-0.50073
1986-05-30,-0.49889
1986-06-06,-0.49175
1986-06-13,-0.48108
1986-06-20,-0.47058
1986-06-27,-0.46426
1986-07-04,-0.46453
1986-07-11,-0.47242
1986-07-18,-0.48863
1986-07-25,-0.51150
1986-08-01,-0.53771
1986-08-08,-0.56337
1986-08-15,-0.58612
1986-08-22,-0.60225
1986-08-29,-0.60973
1986-09-05,-0.60861
1986-09-12,-0.59932
1986-09-19,-0.58670
1986-09-26,-0.57317
1986-10-03,-0.56175
1986-10-10,-0.55497
1986-10-17,-0.55339
1986-10-24,-0.55549
1986-10-31,-0.56005
1986-11-07,-0.56555
1986-11-14,-0.56993
1986-11-21,-0.57057
1986-11-28,-0.56735
1986-12-05,-0.56001
1986-12-12,-0.54985
1986-12-19,-0.53756
1986-12-26,-0.52482
1987-01-02,-0.51534
1987-01-09,-0.50808
1987-01-16,-0.50405
1987-01-23,-0.50256
1987-01-30,-0.50230
1987-02-06,-0.50044
1987-02-13,-0.49372
1987-02-20,-0.47845
1987-02-27,-0.45328
1987-03-06,-0.41485
1987-03-13,-0.35892
1987-03-20,-0.28383
1987-03-27,-0.18995
1987-04-03,-0.07848
1987-04-10,0.04421
1987-04-17,0.17249
1987-04-24,0.29683
1987-05-01,0.40682
1987-05-08,0.49849
1987-05-15,0.56395
1987-05-22,0.60316
1987-05-29,0.61058
1987-06-05,0.59087
1987-06-12,0.54859
1987-06-19,0.48600
1987-06-26,0.41263
1987-07-03,0.33264
1987-07-10,0.25241
1987-07-17,0.17393
1987-07-24,0.10145
1987-07-31,0.04048
1987-08-07,-0.00251
1987-08-14,-0.02424
1987-08-21,-0.01479
1987-08-28,0.02816
1987-09-04,0.10538
1987-09-11,0.21036
1987-09-18,0.33871
1987-09-25,0.48142
1987-10-02,0.63207
1987-10-09,0.77780
1987-10-16,0.90844
1987-10-23,1.01567
1987-10-30,1.09241
1987-11-06,1.13175
1987-11-13,1.14222
1987-11-20,1.13006
1987-11-27,1.09748
1987-12-04,1.05018
1987-12-11,0.98546
1987-12-18,0.90958
1987-12-25,0.82247
1988-01-01,0.72848
1988-01-08,0.63078
1988-01-15,0.53529
1988-01-22,0.44218
1988-01-29,0.35530
1988-02-05,0.27740
1988-02-12,0.21209
1988-02-19,0.16219
1988-02-26,0.12699
1988-03-04,0.10663
1988-03-11,0.10064
1988-03-18,0.10818
1988-03-25,0.12500
1988-04-01,0.14947
1988-04-08,0.17797
1988-04-15,0.20426
1988-04-22,0.22656
1988-04-29,0.24075
1988-05-06,0.24771
1988-05-13,0.24973
1988-05-20,0.24878
1988-05-27,0.24788
1988-06-03,0.25067
1988-06-10,0.25850
1988-06-17,0.27284
1988-06-24,0.29450
1988-07-01,0.32214
1988-07-08,0.35213
1988-07-15,0.38112
1988-07-22,0.40583
1988-07-29,0.42213
1988-08-05,0.42910
1988-08-12,0.42588
1988-08-19,0.41291
1988-08-26,0.39067
1988-09-02,0.36266
1988-09-09,0.33091
1988-09-16,0.29985
1988-09-23,0.27222
1988-09-30,0.24827
1988-10-07,0.22773
1988-10-14,0.20999
1988-10-21,0.19457
1988-10-28,0.18132
1988-11-04,0.17013
1988-11-11,0.16156
1988-11-18,0.15476
1988-11-25,0.15021
1988-12-02,0.14625
1988-12-09,0.14336
1988-12-16,0.14024
1988-12-23,0.13835
1988-12-30,0.13743
1989-01-06,0.13966
1989-01-13,0.14635
1989-01-20,0.15957
1989-01-27,0.18259
1989-02-03,0.21840
1989-02-10,0.26790
1989-02-17,0.33099
1989-02-24,0.40343
1989-03-03,0.48163
1989-03-10,0.55794
1989-03-17,0.62703
1989-03-24,0.68126
1989-03-31,0.71479
1989-04-07,0.72477
1989-04-14,0.71000
1989-04-21,0.67084
1989-04-28,0.61592
1989-05-05,0.54838
1989-05-12,0.47842
1989-05-19,0.41186
1989-05-26,0.35605
1989-06-02,0.31417
1989-06-09,0.28672
1989-06-16,0.27029
1989-06-23,0.26080
1989-06-30,0.25258
1989-07-07,0.24313
1989-07-14,0.22981
1989-07-21,0.21538
1989-07-28,0.20306
1989-08-04,0.19513
1989-08-11,0.19684
1989-08-18,0.20881
1989-08-25,0.23095
1989-09-01,0.26176
1989-09-08,0.29631
1989-09-15,0.33042
1989-09-22,0.35741
1989-09-29,0.37461
1989-10-06,0.37787
1989-10-13,0.36514
1989-10-20,0.33717
1989-10-27,0.29628
1989-11-03,0.24644
1989-11-10,0.19371
1989-11-17,0.14217
1989-11-24,0.09678
1989-12-01,0.06056
1989-12-08,0.03558
1989-12-15,0.02176
1989-12-22,0.01821
1989-12-29,0.02216
1990-01-05,0.03196
1990-01-12,0.04357
1990-01-19,0.05323
1990-01-26,0.06019
1990-02-02,0.06173
1990-02-09,0.05861
1990-02-16,0.05256
1990-02-23,0.04575
1990-03-02,0.04098
1990-03-09,0.04007
1990-03-16,0.04561
1990-03-23,0.05659
1990-03-30,0.07182
1990-04-06,0.08874
1990-04-13,0.10165
1990-04-20,0.10863
1990-04-27,0.10607
1990-05-04,0.09156
1990-05-11,0.06593
1990-05-18,0.03086
1990-05-25,-0.01036
1990-06-01,-0.05366
1990-06-08,-0.09386
1990-06-15,-0.12697
1990-06-22,-0.15011
1990-06-29,-0.16040
1990-07-06,-0.15736
1990-07-13,-0.14221
1990-07-20,-0.11562
1990-07-27,-0.07934
1990-08-03,-0.03572
1990-08-10,0.01406
1990-08-17,0.06612
1990-08-24,0.12046
1990-08-31,0.17420
1990-09-07,0.22768
1990-09-14,0.27877
1990-09-21,0.32662
1990-09-28,0.37001
1990-10-05,0.40327
1990-10-12,0.42688
1990-10-19,0.44139
1990-10-26,0.44663
1990-11-02,0.44719
1990-11-09,0.44666
1990-11-16,0.44685
1990-11-23,0.45137
1990-11-30,0.46237
1990-12-07,0.47556
1990-12-14,0.49088
1990-12-21,0.50620
1990-12-28,0.51360
1991-01-04,0.50623
1991-01-11,0.48508
1991-01-18,0.44567
1991-01-25,0.38633
1991-02-01,0.31749
1991-02-08,0.24219
1991-02-15,0.16667
1991-02-22,0.09557
1991-03-01,0.03143
1991-03-08,-0.02593
1991-03-15,-0.07574
1991-03-22,-0.11808
1991-03-29,-0.15402
1991-04-05,-0.18351
1991-04-12,-0.20767
1991-04-19,-0.22731
1991-04-26,-0.24109
1991-05-03,-0.24977
1991-05-10,-0.25334
1991-05-17,-0.25190
1991-05-24,-0.24747
1991-05-31,-0.24224
1991-06-07,-0.23958
1991-06-14,-0.24234
1991-06-21,-0.25339
1991-06-28,-0.27294
1991-07-05,-0.30209
1991-07-12,-0.33778
1991-07-19,-0.37804
1991-07-26,-0.41876
1991-08-02,-0.45653
1991-08-09,-0.48927
1991-08-16,-0.51459
1991-08-23,-0.53270
1991-08-30,-0.54551
1991-09-06,-0.55269
1991-09-13,-0.55807
1991-09-20,-0.56173
1991-09-27,-0.56478
1991-10-04,-0.56782
1991-10-11,-0.57263
1991-10-18,-0.57864
1991-10-25,-0.58595
1991-11-01,-0.59491
1991-11-08,-0.60454
1991-11-15,-0.61434
1991-11-22,-0.62398
1991-11-29,-0.63402
1991-12-06,-0.64443
1991-12-13,-0.65481
1991-12-20,-0.66257
1991-12-27,-0.66943
1992-01-03,-0.67139
1992-01-10,-0.67232
1992-01-17,-0.66962
1992-01-24,-0.66639
1992-01-31,-0.66402
1992-02-07,-0.66212
1992-02-14,-0.66132
1992-02-21,-0.66120
1992-02-28,-0.66251
1992-03-06,-0.66545
1992-03-13,-0.67005
1992-03-20,-0.67818
1992-03-27,-0.69010
1992-04-03,-0.70547
1992-04-10,-0.72447
1992-04-17,-0.74543
1992-04-24,-0.76790
1992-05-01,-0.79086
1992-05-08,-0.81253
1992-05-15,-0.83270
1992-05-22,-0.85121
1992-05-29,-0.86727
1992-06-05,-0.88192
1992-06-12,-0.89631
1992-06-19,-0.90996
1992-06-26,-0.92249
1992-07-03,-0.93318
1992-07-10,-0.94082
1992-07-17,-0.94588
1992-07-24,-0.94754
1992-07-31,-0.94602
1992-08-07,-0.94103
1992-08-14,-0.93309
1992-08-21,-0.92154
1992-08-28,-0.90638
1992-09-04,-0.88763
1992-09-11,-0.86588
1992-09-18,-0.83986
1992-09-25,-0.81039
1992-10-02,-0.77896
1992-10-09,-0.74845
1992-10-16,-0.72108
1992-10-23,-0.70000
1992-10-30,-0.68791
1992-11-06,-0.68659
1992-11-13,-0.69510
1992-11-20,-0.71382
1992-11-27,-0.74184
1992-12-04,-0.77700
1992-12-11,-0.81612
1992-12-18,-0.85408
1992-12-25,-0.88865
1993-01-01,-0.91681
1993-01-08,-0.93724
1993-01-15,-0.95165
1993-01-22,-0.96027
1993-01-29,-0.96379
1993-02-05,-0.96439
1993-02-12,-0.96361
1993-02-19,-0.96234
1993-02-26,-0.96326
1993-03-05,-0.96551
1993-03-12,-0.96964
1993-03-19,-0.97544
1993-03-26,-0.98249
1993-04-02,-0.98936
1993-04-09,-0.99564
1993-04-16,-1.00009
1993-04-23,-1.00170
1993-04-30,-1.00134
1993-05-07,-0.99808
1993-05-14,-0.99375
1993-05-21,-0.99022
1993-05-28,-0.98892
1993-06-04,-0.99124
1993-06-11,-0.99888
1993-06-18,-1.01145
1993-06-25,-1.02725
1993-07-02,-1.04459
1993-07-09,-1.06225
1993-07-16,-1.07783
1993-07-23,-1.09055
1993-07-30,-1.09892
1993-08-06,-1.10344
1993-08-13,-1.10434
1993-08-20,-1.10208
1993-08-27,-1.09719
1993-09-03,-1.09051
1993-09-10,-1.08196
1993-09-17,-1.07106
1993-09-24,-1.05839
1993-10-01,-1.04395
1993-10-08,-1.02836
1993-10-15,-1.01137
1993-10-22,-0.99356
1993-10-29,-0.97599
1993-11-05,-0.96064
1993-11-12,-0.94985
1993-11-19,-0.94479
1993-11-26,-0.94669
1993-12-03,-0.95487
1993-12-10,-0.96782
1993-12-17,-0.98361
1993-12-24,-0.99954
1993-12-31,-1.01337
1994-01-07,-1.02371
1994-01-14,-1.02973
1994-01-21,-1.02902
1994-01-28,-1.02223
1994-02-04,-1.00814
1994-02-11,-0.98685
1994-02-18,-0.96052
1994-02-25,-0.93015
1994-03-04,-0.89677
1994-03-11,-0.86311
1994-03-18,-0.83106
1994-03-25,-0.80158
1994-04-01,-0.77636
1994-04-08,-0.75743
1994-04-15,-0.74450
1994-04-22,-0.73624
1994-04-29,-0.73319
1994-05-06,-0.73133
1994-05-13,-0.73101
1994-05-20,-0.73220
1994-05-27,-0.73279
1994-06-03,-0.73123
1994-06-10,-0.72995
1994-06-17,-0.72726
1994-06-24,-0.72556
1994-07-01,-0.72646
1994-07-08,-0.73306
1994-07-15,-0.74505
1994-07-22,-0.76155
1994-07-29,-0.77953
1994-08-05,-0.79622
1994-08-12,-0.80969
1994-08-19,-0.81691
1994-08-26,-0.81570
1994-09-02,-0.80545
1994-09-09,-0.78659
1994-09-16,-0.76027
1994-09-23,-0.73037
1994-09-30,-0.69953
1994-10-07,-0.67138
1994-10-14,-0.64735
1994-10-21,-0.62681
1994-10-28,-0.60767
1994-11-04,-0.58832
1994-11-11,-0.56628
1994-11-18,-0.54048
1994-11-25,-0.51094
1994-12-02,-0.48004
1994-12-09,-0.44956
1994-12-16,-0.42567
1994-12-23,-0.41068
1994-12-30,-0.40793
1995-01-06,-0.41861
1995-01-13,-0.44145
1995-01-20,-0.47290
1995-01-27,-0.50894
1995-02-03,-0.54588
1995-02-10,-0.57977
1995-02-17,-0.60752
1995-02-24,-0.62808
1995-03-03,-0.64027
1995-03-10,-0.64521
1995-03-17,-0.64625
1995-03-24,-0.64494
1995-03-31,-0.64458
1995-04-07,-0.64686
1995-04-14,-0.65339
1995-04-21,-0.66421
1995-04-28,-0.67805
1995-05-05,-0.69278
1995-05-12,-0.70655
1995-05-19,-0.71599
1995-05-26,-0.72004
1995-06-02,-0.71736
1995-06-09,-0.71040
1995-06-16,-0.69976
1995-06-23,-0.68943
1995-06-30,-0.68098
1995-07-07,-0.67620
1995-07-14,-0.67707
1995-07-21,-0.68156
1995-07-28,-0.68874
1995-08-04,-0.69827
1995-08-11,-0.70778
1995-08-18,-0.71537
1995-08-25,-0.72027
1995-09-01,-0.72126
1995-09-08,-0.71905
1995-09-15,-0.71498
1995-09-22,-0.70931
1995-09-29,-0.70454
1995-10-06,-0.70334
1995-10-13,-0.70539
1995-10-20,-0.71141
1995-10-27,-0.72055
1995-11-03,-0.73255
1995-11-10,-0.74479
1995-11-17,-0.75405
1995-11-24,-0.75976
1995-12-01,-0.76103
1995-12-08,-0.75870
1995-12-15,-0.75393
1995-12-22,-0.74999
1995-12-29,-0.74945
1996-01-05,-0.75525
1996-01-12,-0.76577
1996-01-19,-0.78081
1996-01-26,-0.79884
1996-02-02,-0.81571
1996-02-09,-0.82741
1996-02-16,-0.83212
1996-02-23,-0.82833
1996-03-01,-0.81515
1996-03-08,-0.79606
1996-03-15,-0.77240
1996-03-22,-0.74892
1996-03-29,-0.72721
1996-04-05,-0.70977
1996-04-12,-0.69713
1996-04-19,-0.69138
1996-04-26,-0.69257
1996-05-03,-0.69812
1996-05-10,-0.70649
1996-05-17,-0.71529
1996-05-24,-0.72146
1996-05-31,-0.72390
1996-06-07,-0.72183
1996-06-14,-0.71765
1996-06-21,-0.71229
1996-06-28,-0.70813
1996-07-05,-0.70575
1996-07-12,-0.70637
1996-07-19,-0.71133
1996-07-26,-0.71981
1996-08-02,-0.72968
1996-08-09,-0.74076
1996-08-16,-0.74887
1996-08-23,-0.75304
1996-08-30,-0.75271
1996-09-06,-0.74841
1996-09-13,-0.74336
1996-09-20,-0.73904
1996-09-27,-0.73749
1996-10-04,-0.74045
1996-10-11,-0.74808
1996-10-18,-0.75856
1996-10-25,-0.77054
1996-11-01,-0.78173
1996-11-08,-0.78960
1996-11-15,-0.79187
1996-11-22,-0.78793
1996-11-29,-0.77746
1996-12-06,-0.76197
1996-12-13,-0.74406
1996-12-20,-0.72705
1996-12-27,-0.71312
1997-01-03,-0.70346
1997-01-10,-0.69888
1997-01-17,-0.70067
1997-01-24,-0.70728
1997-01-31,-0.71702
1997-02-07,-0.72776
1997-02-14,-0.73776
1997-02-21,-0.74331
1997-02-28,-0.74374
1997-03-07,-0.73817
1997-03-14,-0.72769
1997-03-21,-0.71371
1997-03-28,-0.69799
1997-04-04,-0.68150
1997-04-11,-0.66675
1997-04-18,-0.65422
1997-04-25,-0.64449
1997-05-02,-0.63860
1997-05-09,-0.63486
1997-05-16,-0.63321
1997-05-23,-0.63306
1997-05-30,-0.63346
1997-06-06,-0.63479
1997-06-13,-0.63762
1997-06-20,-0.64137
1997-06-27,-0.64571
1997-07-04,-0.65125
1997-07-11,-0.65579
1997-07-18,-0.65985
1997-07-25,-0.66293
1997-08-01,-0.66425
1997-08-08,-0.66386
1997-08-15,-0.66169
1997-08-22,-0.65819
1997-08-29,-0.65326
1997-09-05,-0.64724
1997-09-12,-0.63965
1997-09-19,-0.63022
1997-09-26,-0.61807
1997-10-03,-0.60309
1997-10-10,-0.58434
1997-10-17,-0.56258
1997-10-24,-0.53920
1997-10-31,-0.51632
1997-11-07,-0.49823
1997-11-14,-0.48424
1997-11-21,-0.47719
1997-11-28,-0.47612
1997-12-05,-0.48001
1997-12-12,-0.48733
1997-12-19,-0.49891
1997-12-26,-0.51386
1998-01-02,-0.53093
1998-01-09,-0.54847
1998-01-16,-0.56776
1998-01-23,-0.58612
1998-01-30,-0.60380
1998-02-06,-0.61986
1998-02-13,-0.63235
1998-02-20,-0.64120
1998-02-27,-0.64568
1998-03-06,-0.64498
1998-03-13,-0.64178
1998-03-20,-0.63752
1998-03-27,-0.63188
1998-04-03,-0.62621
1998-04-10,-0.62086
1998-04-17,-0.61536
1998-04-24,-0.60932
1998-05-01,-0.60295
1998-05-08,-0.59656
1998-05-15,-0.59018
1998-05-22,-0.58366
1998-05-29,-0.57604
1998-06-05,-0.56998
1998-06-12,-0.56507
1998-06-19,-0.56233
1998-06-26,-0.56095
1998-07-03,-0.56041
1998-07-10,-0.55815
1998-07-17,-0.55172
1998-07-24,-0.53789
1998-07-31,-0.51491
1998-08-07,-0.48055
1998-08-14,-0.43492
1998-08-21,-0.37947
1998-08-28,-0.31619
1998-09-04,-0.25002
1998-09-11,-0.18507
1998-09-18,-0.12384
1998-09-25,-0.06981
1998-10-02,-0.02666
1998-10-09,0.00303
1998-10-16,0.01564
1998-10-23,0.01009
1998-10-30,-0.00853
1998-11-06,-0.03547
1998-11-13,-0.06362
1998-11-20,-0.09296
1998-11-27,-0.11879
1998-12-04,-0.14002
1998-12-11,-0.15916
1998-12-18,-0.17702
1998-12-25,-0.19475
1999-01-01,-0.21126
1999-01-08,-0.22608
1999-01-15,-0.24180
1999-01-22,-0.25866
1999-01-29,-0.27752
1999-02-05,-0.29772
1999-02-12,-0.31863
1999-02-19,-0.33968
1999-02-26,-0.35907
1999-03-05,-0.37560
1999-03-12,-0.38987
1999-03-19,-0.40106
1999-03-26,-0.40935
1999-04-02,-0.41563
1999-04-09,-0.42057
1999-04-16,-0.42489
1999-04-23,-0.42844
1999-04-30,-0.43105
1999-05-07,-0.43129
1999-05-14,-0.42738
1999-05-21,-0.41905
1999-05-28,-0.40675
1999-06-04,-0.39167
1999-06-11,-0.37456
1999-06-18,-0.35603
1999-06-25,-0.33586
1999-07-02,-0.31406
1999-07-09,-0.29003
1999-07-16,-0.26374
1999-07-23,-0.23762
1999-07-30,-0.21362
1999-08-06,-0.19209
1999-08-13,-0.17519
1999-08-20,-0.16253
1999-08-27,-0.15171
1999-09-03,-0.14027
1999-09-10,-0.12746
1999-09-17,-0.11448
1999-09-24,-0.10217
1999-10-01,-0.09155
1999-10-08,-0.08516
1999-10-15,-0.08712
1999-10-22,-0.09671
1999-10-29,-0.11205
1999-11-05,-0.12998
1999-11-12,-0.14784
1999-11-19,-0.16271
1999-11-26,-0.17044
1999-12-03,-0.17286
1999-12-10,-0.17155
1999-12-17,-0.17049
1999-12-24,-0.17103
1999-12-31,-0.17453
2000-01-07,-0.18432
2000-01-14,-0.19548
2000-01-21,-0.20576
2000-01-28,-0.21305
2000-02-04,-0.21488
2000-02-11,-0.21260
2000-02-18,-0.20479
2000-02-25,-0.19191
2000-03-03,-0.17584
2000-03-10,-0.15578
2000-03-17,-0.13356
2000-03-24,-0.11124
2000-03-31,-0.09015
2000-04-07,-0.07401
2000-04-14,-0.05931
2000-04-21,-0.04594
2000-04-28,-0.03158
2000-05-05,-0.01532
2000-05-12,0.00035
2000-05-19,0.01498
2000-05-26,0.02746
2000-06-02,0.03522
2000-06-09,0.03670
2000-06-16,0.03218
2000-06-23,0.02039
2000-06-30,0.00226
2000-07-07,-0.02274
2000-07-14,-0.05218
2000-07-21,-0.08299
2000-07-28,-0.11371
2000-08-04,-0.14203
2000-08-11,-0.16639
2000-08-18,-0.18475
2000-08-25,-0.19718
2000-09-01,-0.20455
2000-09-08,-0.20651
2000-09-15,-0.20505
2000-09-22,-0.20071
2000-09-29,-0.19479
2000-10-06,-0.18812
2000-10-13,-0.18019
2000-10-20,-0.17362
2000-10-27,-0.16675
2000-11-03,-0.15715
2000-11-10,-0.14385
2000-11-17,-0.12609
2000-11-24,-0.10543
2000-12-01,-0.08495
2000-12-08,-0.06935
2000-12-15,-0.06365
2000-12-22,-0.06874
2000-12-29,-0.08906
2001-01-05,-0.11893
2001-01-12,-0.15494
2001-01-19,-0.19221
2001-01-26,-0.22602
2001-02-02,-0.25341
2001-02-09,-0.27236
2001-02-16,-0.28162
2001-02-23,-0.28086
2001-03-02,-0.27465
2001-03-09,-0.26569
2001-03-16,-0.25650
2001-03-23,-0.25228
2001-03-30,-0.25568
2001-04-06,-0.26540
2001-04-13,-0.28472
2001-04-20,-0.30948
2001-04-27,-0.33667
2001-05-04,-0.36504
2001-05-11,-0.39071
2001-05-18,-0.41076
2001-05-25,-0.42681
2001-06-01,-0.43805
2001-06-08,-0.44565
2001-06-15,-0.45137
2001-06-22,-0.45691
2001-06-29,-0.46359
2001-07-06,-0.47277
2001-07-13,-0.48335
2001-07-20,-0.49404
2001-07-27,-0.50381
2001-08-03,-0.50888
2001-08-10,-0.50483
2001-08-17,-0.49137
2001-08-24,-0.46763
2001-08-31,-0.43712
2001-09-07,-0.40356
2001-09-14,-0.37178
2001-09-21,-0.34954
2001-09-28,-0.34322
2001-10-05,-0.34559
2001-10-12,-0.35710
2001-10-19,-0.37300
2001-10-26,-0.38986
2001-11-02,-0.40180
2001-11-09,-0.40741
2001-11-16,-0.40592
2001-11-23,-0.39590
2001-11-30,-0.38213
2001-12-07,-0.36952
2001-12-14,-0.36321
2001-12-21,-0.36536
2001-12-28,-0.37860
2002-01-04,-0.39865
2002-01-11,-0.42409
2002-01-18,-0.44953
2002-01-25,-0.47080
2002-02-01,-0.48604
2002-02-08,-0.49515
2002-02-15,-0.49950
2002-02-22,-0.49965
2002-03-01,-0.49893
2002-03-08,-0.49780
2002-03-15,-0.49827
2002-03-22,-0.50237
2002-03-29,-0.51063
2002-04-05,-0.52405
2002-04-12,-0.54278
2002-04-19,-0.56475
2002-04-26,-0.58771
2002-05-03,-0.61014
2002-05-10,-0.62666
2002-05-17,-0.63732
2002-05-24,-0.63929
2002-05-31,-0.63312
2002-06-07,-0.61887
2002-06-14,-0.59836
2002-06-21,-0.57345
2002-06-28,-0.54591
2002-07-05,-0.51794
2002-07-12,-0.49067
2002-07-19,-0.46692
2002-07-26,-0.44651
2002-08-02,-0.43232
2002-08-09,-0.42113
2002-08-16,-0.41377
2002-08-23,-0.40577
2002-08-30,-0.39739
2002-09-06,-0.38679
2002-09-13,-0.37610
2002-09-20,-0.36650
2002-09-27,-0.36059
2002-10-04,-0.35984
2002-10-11,-0.36564
2002-10-18,-0.37829
2002-10-25,-0.39393
2002-11-01,-0.41244
2002-11-08,-0.43029
2002-11-15,-0.44572
2002-11-22,-0.45650
2002-11-29,-0.46286
2002-12-06,-0.46535
2002-12-13,-0.46870
2002-12-20,-0.47256
2002-12-27,-0.47927
2003-01-03,-0.48996
2003-01-10,-0.50316
2003-01-17,-0.51558
2003-01-24,-0.52524
2003-01-31,-0.53240
2003-02-07,-0.53625
2003-02-14,-0.53880
2003-02-21,-0.54138
2003-02-28,-0.54556
2003-03-07,-0.55213
2003-03-14,-0.56218
2003-03-21,-0.57695
2003-03-28,-0.59662
2003-04-04,-0.62002
2003-04-11,-0.64566
2003-04-18,-0.67034
2003-04-25,-0.69176
2003-05-02,-0.70810
2003-05-09,-0.71779
2003-05-16,-0.72229
2003-05-23,-0.72279
2003-05-30,-0.72142
2003-06-06,-0.71955
2003-06-13,-0.71886
2003-06-20,-0.72032
2003-06-27,-0.72296
2003-07-04,-0.72590
2003-07-11,-0.72746
2003-07-18,-0.72574
2003-07-25,-0.72075
2003-08-01,-0.71088
2003-08-08,-0.70071
2003-08-15,-0.69064
2003-08-22,-0.68246
2003-08-29,-0.67723
2003-09-05,-0.67569
2003-09-12,-0.67795
2003-09-19,-0.68328
2003-09-26,-0.69023
2003-10-03,-0.69807
2003-10-10,-0.70669
2003-10-17,-0.71468
2003-10-24,-0.72033
2003-10-31,-0.72478
2003-11-07,-0.72685
2003-11-14,-0.72697
2003-11-21,-0.72571
2003-11-28,-0.72438
2003-12-05,-0.72252
2003-12-12,-0.72331
2003-12-19,-0.72668
2003-12-26,-0.73299
2004-01-02,-0.74294
2004-01-09,-0.75619
2004-01-16,-0.77006
2004-01-23,-0.78341
2004-01-30,-0.79568
2004-02-06,-0.80561
2004-02-13,-0.81430
2004-02-20,-0.82040
2004-02-27,-0.82388
2004-03-05,-0.82454
2004-03-12,-0.82308
2004-03-19,-0.81894
2004-03-26,-0.81237
2004-04-02,-0.80391
2004-04-09,-0.79288
2004-04-16,-0.77939
2004-04-23,-0.76409
2004-04-30,-0.74860
2004-05-07,-0.73361
2004-05-14,-0.72085
2004-05-21,-0.71072
2004-05-28,-0.70351
2004-06-04,-0.69866
2004-06-11,-0.69596
2004-06-18,-0.69453
2004-06-25,-0.69493
2004-07-02,-0.69625
2004-07-09,-0.69824
2004-07-16,-0.70001
2004-07-23,-0.70202
2004-07-30,-0.70408
2004-08-06,-0.70524
2004-08-13,-0.70703
2004-08-20,-0.70826
2004-08-27,-0.70924
2004-09-03,-0.70886
2004-09-10,-0.70866
2004-09-17,-0.70828
2004-09-24,-0.70764
2004-10-01,-0.70685
2004-10-08,-0.70678
2004-10-15,-0.70751
2004-10-22,-0.71013
2004-10-29,-0.71330
2004-11-05,-0.71688
2004-11-12,-0.72108
2004-11-19,-0.72324
2004-11-26,-0.72385
2004-12-03,-0.72218
2004-12-10,-0.71910
2004-12-17,-0.71425
2004-12-24,-0.70895
2004-12-31,-0.70476
2005-01-07,-0.70239
2005-01-14,-0.70285
2005-01-21,-0.70532
2005-01-28,-0.70989
2005-02-04,-0.71536
2005-02-11,-0.71930
2005-02-18,-0.72006
2005-02-25,-0.71723
2005-03-04,-0.71019
2005-03-11,-0.69982
2005-03-18,-0.68638
2005-03-25,-0.67179
2005-04-01,-0.65725
2005-04-08,-0.64379
2005-04-15,-0.63197
2005-04-22,-0.62240
2005-04-29,-0.61527
2005-05-06,-0.61008
2005-05-13,-0.60644
2005-05-20,-0.60483
2005-05-27,-0.60523
2005-06-03,-0.60596
2005-06-10,-0.60744
2005-06-17,-0.60866
2005-06-24,-0.61022
2005-07-01,-0.61214
2005-07-08,-0.61363
2005-07-15,-0.61653
2005-07-22,-0.61842
2005-07-29,-0.61944
2005-08-05,-0.61831
2005-08-12,-0.61572
2005-08-19,-0.61057
2005-08-26,-0.60383
2005-09-02,-0.59587
2005-09-09,-0.58797
2005-09-16,-0.58049
2005-09-23,-0.57457
2005-09-30,-0.57143
2005-10-07,-0.57214
2005-10-14,-0.57622
2005-10-21,-0.58203
2005-10-28,-0.58818
2005-11-04,-0.59210
2005-11-11,-0.59352
2005-11-18,-0.59086
2005-11-25,-0.58579
2005-12-02,-0.57902
2005-12-09,-0.57235
2005-12-16,-0.56732
2005-12-23,-0.56577
2005-12-30,-0.56745
2006-01-06,-0.57365
2006-01-13,-0.58353
2006-01-20,-0.59421
2006-01-27,-0.60645
2006-02-03,-0.61729
2006-02-10,-0.62589
2006-02-17,-0.63251
2006-02-24,-0.63661
2006-03-03,-0.63774
2006-03-10,-0.63720
2006-03-17,-0.63581
2006-03-24,-0.63426
2006-03-31,-0.63171
2006-04-07,-0.62955
2006-04-14,-0.62718
2006-04-21,-0.62537
2006-04-28,-0.62255
2006-05-05,-0.61719
2006-05-12,-0.60977
2006-05-19,-0.59822
2006-05-26,-0.58467
2006-06-02,-0.57025
2006-06-09,-0.55635
2006-06-16,-0.54371
2006-06-23,-0.53464
2006-06-30,-0.53046
2006-07-07,-0.53105
2006-07-14,-0.53689
2006-07-21,-0.54711
2006-07-28,-0.56077
2006-08-04,-0.57501
2006-08-11,-0.58822
2006-08-18,-0.59876
2006-08-25,-0.60561
2006-09-01,-0.60849
2006-09-08,-0.60851
2006-09-15,-0.60735
2006-09-22,-0.60674
2006-09-29,-0.60776
2006-10-06,-0.61130
2006-10-13,-0.61746
2006-10-20,-0.62411
2006-10-27,-0.63050
2006-11-03,-0.63426
2006-11-10,-0.63558
2006-11-17,-0.63418
2006-11-24,-0.63068
2006-12-01,-0.62644
2006-12-08,-0.62370
2006-12-15,-0.62435
2006-12-22,-0.62898
2006-12-29,-0.63758
2007-01-05,-0.64957
2007-01-12,-0.66282
2007-01-19,-0.67523
2007-01-26,-0.68466
2007-02-02,-0.68830
2007-02-09,-0.68667
2007-02-16,-0.67873
2007-02-23,-0.66601
2007-03-02,-0.65013
2007-03-09,-0.63553
2007-03-16,-0.62329
2007-03-23,-0.61498
2007-03-30,-0.60910
2007-04-06,-0.60532
2007-04-13,-0.60165
2007-04-20,-0.59718
2007-04-27,-0.59054
2007-05-04,-0.58160
2007-05-11,-0.57288
2007-05-18,-0.56370
2007-05-25,-0.55499
2007-06-01,-0.54840
2007-06-08,-0.54534
2007-06-15,-0.54171
2007-06-22,-0.53651
2007-06-29,-0.52465
2007-07-06,-0.50014
2007-07-13,-0.45567
2007-07-20,-0.38746
2007-07-27,-0.29373
2007-08-03,-0.18183
2007-08-10,-0.06161
2007-08-17,0.05675
2007-08-24,0.15160
2007-08-31,0.20337
2007-09-07,0.21939
2007-09-14,0.19553
2007-09-21,0.13842
2007-09-28,0.07290
2007-10-05,0.01195
2007-10-12,-0.02870
2007-10-19,-0.03572
2007-10-26,-0.00508
2007-11-02,0.06184
2007-11-09,0.16008
2007-11-16,0.27100
2007-11-23,0.38356
2007-11-30,0.47678
2007-12-07,0.53955
2007-12-14,0.56594
2007-12-21,0.55525
2007-12-28,0.51531
2008-01-04,0.46739
2008-01-11,0.42226
2008-01-18,0.39846
2008-01-25,0.40609
2008-02-01,0.43594
2008-02-08,0.49771
2008-02-15,0.58281
2008-02-22,0.68219
2008-02-29,0.78242
2008-03-07,0.87403
2008-03-14,0.93494
2008-03-21,0.95912
2008-03-28,0.93769
2008-04-04,0.88401
2008-04-11,0.80978
2008-04-18,0.72723
2008-04-25,0.64144
2008-05-02,0.56637
2008-05-09,0.51204
2008-05-16,0.47994
2008-05-23,0.47555
2008-05-30,0.49732
2008-06-06,0.54367
2008-06-13,0.59800
2008-06-20,0.65472
2008-06-27,0.70734
2008-07-04,0.73998
2008-07-11,0.74908
2008-07-18,0.73926
2008-07-25,0.71061
2008-08-01,0.67926
2008-08-08,0.66298
2008-08-15,0.66974
2008-08-22,0.72472
2008-08-29,0.83185
2008-09-05,0.99838
2008-09-12,1.21814
2008-09-19,1.50148
2008-09-26,1.78145
2008-10-03,2.06099
2008-10-10,2.31173
2008-10-17,2.50630
2008-10-24,2.64700
2008-10-31,2.76725
2008-11-07,2.85846
2008-11-14,2.93740
2008-11-21,3.01312
2008-11-28,3.03897
2008-12-05,3.03210
2008-12-12,2.96861
2008-12-19,2.84501
2008-12-26,2.68647
2009-01-02,2.53514
2009-01-09,2.38370
2009-01-16,2.26119
2009-01-23,2.17235
2009-01-30,2.11363
2009-02-06,2.08392
2009-02-13,2.08501
2009-02-20,2.10193
2009-02-27,2.11817
2009-03-06,2.12209
2009-03-13,2.08409
2009-03-20,2.01103
2009-03-27,1.90553
2009-04-03,1.78113
2009-04-10,1.64127
2009-04-17,1.49979
2009-04-24,1.36114
2009-05-01,1.22637
2009-05-08,1.10273
2009-05-15,1.00178
2009-05-22,0.91787
2009-05-29,0.85866
2009-06-05,0.81121
2009-06-12,0.77527
2009-06-19,0.74505
2009-06-26,0.70833
2009-07-03,0.66322
2009-07-10,0.60871
2009-07-17,0.54259
2009-07-24,0.47165
2009-07-31,0.40361
2009-08-07,0.34445
2009-08-14,0.29624
2009-08-21,0.25622
2009-08-28,0.21982
2009-09-04,0.18775
2009-09-11,0.15452
2009-09-18,0.12140
2009-09-25,0.09236
2009-10-02,0.07020
2009-10-09,0.04943
2009-10-16,0.03252
2009-10-23,0.01950
2009-10-30,0.01202
2009-11-06,0.00345
2009-11-13,-0.00822
2009-11-20,-0.02210
2009-11-27,-0.04077
2009-12-04,-0.06575
2009-12-11,-0.09721
2009-12-18,-0.13037
2009-12-25,-0.16159
2010-01-01,-0.18685
2010-01-08,-0.20713
2010-01-15,-0.21633
2010-01-22,-0.21443
2010-01-29,-0.20960
2010-02-05,-0.20514
2010-02-12,-0.20770
2010-02-19,-0.22437
2010-02-26,-0.25280
2010-03-05,-0.29248
2010-03-12,-0.33879
2010-03-19,-0.38460
2010-03-26,-0.42555
2010-04-02,-0.45401
2010-04-09,-0.46578
2010-04-16,-0.45444
2010-04-23,-0.41862
2010-04-30,-0.35923
2010-05-07,-0.28188
2010-05-14,-0.20531
2010-05-21,-0.13191
2010-05-28,-0.07721
2010-06-04,-0.04620
2010-06-11,-0.03725
2010-06-18,-0.05221
2010-06-25,-0.07989
2010-07-02,-0.11453
2010-07-09,-0.15647
2010-07-16,-0.19696
2010-07-23,-0.23018
2010-07-30,-0.25462
2010-08-06,-0.26881
2010-08-13,-0.27354
2010-08-20,-0.27484
2010-08-27,-0.27695
2010-09-03,-0.28426
2010-09-10,-0.29912
2010-09-17,-0.31842
2010-09-24,-0.34040
2010-10-01,-0.36458
2010-10-08,-0.38849
2010-10-15,-0.41037
2010-10-22,-0.42794
2010-10-29,-0.44172
2010-11-05,-0.45091
2010-11-12,-0.45428
2010-11-19,-0.45641
2010-11-26,-0.45888
2010-12-03,-0.46473
2010-12-10,-0.47652
2010-12-17,-0.49177
2010-12-24,-0.51113
2010-12-31,-0.53227
2011-01-07,-0.55391
2011-01-14,-0.57420
2011-01-21,-0.59159
2011-01-28,-0.60355
2011-02-04,-0.60838
2011-02-11,-0.60665
2011-02-18,-0.59707
2011-02-25,-0.58192
2011-03-04,-0.56822
2011-03-11,-0.55763
2011-03-18,-0.55205
2011-03-25,-0.55701
2011-04-01,-0.56771
2011-04-08,-0.58197
2011-04-15,-0.59531
2011-04-22,-0.60479
2011-04-29,-0.60851
2011-05-06,-0.60529
2011-05-13,-0.59585
2011-05-20,-0.58338
2011-05-27,-0.56948
2011-06-03,-0.55606
2011-06-10,-0.54381
2011-06-17,-0.53516
2011-06-24,-0.52830
2011-07-01,-0.52153
2011-07-08,-0.50960
2011-07-15,-0.48725
2011-07-22,-0.45316
2011-07-29,-0.40443
2011-08-05,-0.34060
2011-08-12,-0.26892
2011-08-19,-0.20560
2011-08-26,-0.14714
2011-09-02,-0.10460
2011-09-09,-0.07281
2011-09-16,-0.05518
2011-09-23,-0.04646
2011-09-30,-0.04902
2011-10-07,-0.06096
2011-10-14,-0.08272
2011-10-21,-0.10086
2011-10-28,-0.11495
2011-11-04,-0.11633
2011-11-11,-0.10879
2011-11-18,-0.09603
2011-11-25,-0.08283
2011-12-02,-0.08102
2011-12-09,-0.08701
2011-12-16,-0.10055
2011-12-23,-0.12485
2011-12-30,-0.15899
2012-01-06,-0.20045
2012-01-13,-0.24681
2012-01-20,-0.29286
2012-01-27,-0.33448
2012-02-03,-0.36702
2012-02-10,-0.39078
2012-02-17,-0.40628
2012-02-24,-0.41818
2012-03-02,-0.42897
2012-03-09,-0.43698
2012-03-16,-0.44443
2012-03-23,-0.44816
2012-03-30,-0.44618
2012-04-06,-0.43868
2012-04-13,-0.42584
2012-04-20,-0.41009
2012-04-27,-0.38889
2012-05-04,-0.36259
2012-05-11,-0.33073
2012-05-18,-0.29704
2012-05-25,-0.27020
2012-06-01,-0.25104
2012-06-08,-0.24362
2012-06-15,-0.24910
2012-06-22,-0.26455
2012-06-29,-0.28395
2012-07-06,-0.30704
2012-07-13,-0.33080
2012-07-20,-0.35468
2012-07-27,-0.37599
2012-08-03,-0.39737
2012-08-10,-0.41647
2012-08-17,-0.43463
2012-08-24,-0.45273
2012-08-31,-0.47017
2012-09-07,-0.48875
2012-09-14,-0.50816
2012-09-21,-0.52443
2012-09-28,-0.53746
2012-10-05,-0.54841
2012-10-12,-0.55524
2012-10-19,-0.55923
2012-10-26,-0.55881
2012-11-02,-0.55730
2012-11-09,-0.55521
2012-11-16,-0.55445
2012-11-23,-0.55810
2012-11-30,-0.56371
2012-12-07,-0.57220
2012-12-14,-0.58367
2012-12-21,-0.59612
2012-12-28,-0.60817
2013-01-04,-0.62280
2013-01-11,-0.63553
2013-01-18,-0.64504
2013-01-25,-0.65175
2013-02-01,-0.65523
2013-02-08,-0.65645
2013-02-15,-0.65780
2013-02-22,-0.65873
2013-03-01,-0.65910
2013-03-08,-0.66136
2013-03-15,-0.66429
2013-03-22,-0.66736
2013-03-29,-0.67220
2013-04-05,-0.67961
2013-04-12,-0.69028
2013-04-19,-0.70114
2013-04-26,-0.71348
2013-05-03,-0.72330
2013-05-10,-0.72821
2013-05-17,-0.72579
2013-05-24,-0.71603
2013-05-31,-0.69961
2013-06-07,-0.67988
2013-06-14,-0.66088
2013-06-21,-0.64524
2013-06-28,-0.63786
2013-07-05,-0.63808
2013-07-12,-0.64544
2013-07-19,-0.65752
2013-07-26,-0.66906
2013-08-02,-0.67709
2013-08-09,-0.68082
2013-08-16,-0.67989
2013-08-23,-0.67583
2013-08-30,-0.67186
2013-09-06,-0.67022
2013-09-13,-0.67232
2013-09-20,-0.67732
2013-09-27,-0.68496
2013-10-04,-0.69480
2013-10-11,-0.70719
2013-10-18,-0.72119
2013-10-25,-0.73495
2013-11-01,-0.74668
2013-11-08,-0.75704
2013-11-15,-0.76571
2013-11-22,-0.77226
2013-11-29,-0.77747
2013-12-06,-0.78117
2013-12-13,-0.78421
2013-12-20,-0.78609
2013-12-27,-0.78698
2014-01-03,-0.78459
2014-01-10,-0.78185
2014-01-17,-0.77764
2014-01-24,-0.77330
2014-01-31,-0.77053
2014-02-07,-0.77099
2014-02-14,-0.77470
2014-02-21,-0.77892
2014-02-28,-0.78304
2014-03-07,-0.78599
2014-03-14,-0.78642
2014-03-21,-0.78550
2014-03-28,-0.78265
2014-04-04,-0.78071
2014-04-11,-0.77805
2014-04-18,-0.77609
2014-04-25,-0.77541
2014-05-02,-0.77668
2014-05-09,-0.77962
2014-05-16,-0.78380
2014-05-23,-0.79005
2014-05-30,-0.79593
2014-06-06,-0.79933
2014-06-13,-0.79955
2014-06-20,-0.79618
2014-06-27,-0.78916
2014-07-04,-0.77910
2014-07-11,-0.76749
2014-07-18,-0.75526
2014-07-25,-0.74458
2014-08-01,-0.73599
2014-08-08,-0.73100
2014-08-15,-0.73058
2014-08-22,-0.73040
2014-08-29,-0.72800
2014-09-05,-0.72210
2014-09-12,-0.71131
2014-09-19,-0.69605
2014-09-26,-0.67853
2014-10-03,-0.66207
2014-10-10,-0.65011
2014-10-17,-0.64197
2014-10-24,-0.64325
2014-10-31,-0.64840
2014-11-07,-0.65557
2014-11-14,-0.66057
2014-11-21,-0.65982
2014-11-28,-0.65316
2014-12-05,-0.63994
2014-12-12,-0.61967
2014-12-19,-0.59641
2014-12-26,-0.57438
2015-01-02,-0.55193
2015-01-09,-0.53387
2015-01-16,-0.51961
2015-01-23,-0.51175
2015-01-30,-0.50907
2015-02-06,-0.51145
2015-02-13,-0.51727
2015-02-20,-0.52536
2015-02-27,-0.53394
2015-03-06,-0.54035
2015-03-13,-0.54531
2015-03-20,-0.54971
2015-03-27,-0.55256
2015-04-03,-0.55507
2015-04-10,-0.55774
2015-04-17,-0.55928
2015-04-24,-0.56118
2015-05-01,-0.56166
2015-05-08,-0.56081
2015-05-15,-0.56038
2015-05-22,-0.56009
2015-05-29,-0.55902
2015-06-05,-0.55758
2015-06-12,-0.55585
2015-06-19,-0.55275
2015-06-26,-0.55006
2015-07-03,-0.54466
2015-07-10,-0.53942
2015-07-17,-0.53367
2015-07-24,-0.52304
2015-07-31,-0.50693
2015-08-07,-0.48636
2015-08-14,-0.46291
2015-08-21,-0.43847
2015-08-28,-0.41656
2015-09-04,-0.40238
2015-09-11,-0.39608
2015-09-18,-0.39612
2015-09-25,-0.40213
2015-10-02,-0.41263
2015-10-09,-0.43009
2015-10-16,-0.44615
2015-10-23,-0.46051
2015-10-30,-0.47069
2015-11-06,-0.47455
2015-11-13,-0.47036
2015-11-20,-0.46001
2015-11-27,-0.44480
2015-12-04,-0.42475
2015-12-11,-0.40066
2015-12-18,-0.37699
2015-12-25,-0.35482
2016-01-01,-0.33505
2016-01-08,-0.31713
2016-01-15,-0.30116
2016-01-22,-0.28904
2016-01-29,-0.28124
2016-02-05,-0.27705
2016-02-12,-0.27750
2016-02-19,-0.28810
2016-02-26,-0.30406
2016-03-04,-0.32367
2016-03-11,-0.34340
2016-03-18,-0.36135
2016-03-25,-0.37393
2016-04-01,-0.38297
2016-04-08,-0.38782
2016-04-15,-0.39113
2016-04-22,-0.39292
2016-04-29,-0.39221
2016-05-06,-0.38972
2016-05-13,-0.38719
2016-05-20,-0.38378
2016-05-27,-0.37932
2016-06-03,-0.37345
2016-06-10,-0.36720
2016-06-17,-0.36011
2016-06-24,-0.35623
2016-07-01,-0.35446
2016-07-08,-0.35717
2016-07-15,-0.36297
2016-07-22,-0.36844
2016-07-29,-0.37356
2016-08-05,-0.37634
2016-08-12,-0.37695
2016-08-19,-0.37466
2016-08-26,-0.36933
2016-09-02,-0.36186
2016-09-09,-0.35549
2016-09-16,-0.35061
2016-09-23,-0.34900
2016-09-30,-0.35190
2016-10-07,-0.35894
2016-10-14,-0.36792
2016-10-21,-0.37904
2016-10-28,-0.39192
2016-11-04,-0.40383
2016-11-11,-0.41769
2016-11-18,-0.43029
2016-11-25,-0.44136
2016-12-02,-0.45104
2016-12-09,-0.45972
2016-12-16,-0.46647
2016-12-23,-0.47214
2016-12-30,-0.47838
2017-01-06,-0.48395
2017-01-13,-0.48956
2017-01-20,-0.49422
2017-01-27,-0.49773
2017-02-03,-0.49999
2017-02-10,-0.50119
2017-02-17,-0.50055
2017-02-24,-0.49837
2017-03-03,-0.49642
2017-03-10,-0.49382
2017-03-17,-0.49143
2017-03-24,-0.48988
2017-03-31,-0.49123
2017-04-07,-0.49451
2017-04-14,-0.50016
2017-04-21,-0.50785
2017-04-28,-0.51795
2017-05-05,-0.52799
2017-05-12,-0.53786
2017-05-19,-0.54655
2017-05-26,-0.55542
2017-06-02,-0.56241
2017-06-09,-0.56799
2017-06-16,-0.57218
2017-06-23,-0.57499
2017-06-30,-0.57805
2017-07-07,-0.58094
2017-07-14,-0.58406
2017-07-21,-0.58617
2017-07-28,-0.58573
2017-08-04,-0.58258
2017-08-11,-0.57728
2017-08-18,-0.57182
2017-08-25,-0.56775
2017-09-01,-0.56556
2017-09-08,-0.56513
2017-09-15,-0.56799
2017-09-22,-0.57237
2017-09-29,-0.57782
2017-10-06,-0.58468
2017-10-13,-0.59171
2017-10-20,-0.59846
2017-10-27,-0.60370
2017-11-03,-0.60771
2017-11-10,-0.60962
2017-11-17,-0.61048
2017-11-24,-0.61117
2017-12-01,-0.61206
2017-12-08,-0.61316
2017-12-15,-0.61574
2017-12-22,-0.61947
2017-12-29,-0.62303
2018-01-05,-0.62666
2018-01-12,-0.62663
2018-01-19,-0.62215
2018-01-26,-0.61322
2018-02-02,-0.59942
2018-02-09,-0.58161
2018-02-16,-0.56585
2018-02-23,-0.55094
2018-03-02,-0.53655
2018-03-09,-0.52342
2018-03-16,-0.51297
2018-03-23,-0.50553
2018-03-30,-0.50400
2018-04-06,-0.50770
2018-04-13,-0.51782
2018-04-20,-0.53211
2018-04-27,-0.54558
2018-05-04,-0.55751
2018-05-11,-0.56664
2018-05-18,-0.57147
2018-05-25,-0.57103
2018-06-01,-0.56604
2018-06-08,-0.56020
2018-06-15,-0.55332
2018-06-22,-0.54746
2018-06-29,-0.54426
2018-07-06,-0.54548
2018-07-13,-0.55095
2018-07-20,-0.55895
2018-07-27,-0.56807
2018-08-03,-0.57717
2018-08-10,-0.58620
2018-08-17,-0.59312
2018-08-24,-0.59885
2018-08-31,-0.60281
2018-09-07,-0.60490
2018-09-14,-0.60513
2018-09-21,-0.60237
2018-09-28,-0.59786
2018-10-05,-0.59097
2018-10-12,-0.58080
2018-10-19,-0.56945
2018-10-26,-0.55582
2018-11-02,-0.54046
2018-11-09,-0.52435
2018-11-16,-0.50483
2018-11-23,-0.48354
2018-11-30,-0.46333
2018-12-07,-0.44423
2018-12-14,-0.43085
2018-12-21,-0.42477
2018-12-28,-0.42806
2019-01-04,-0.44091
2019-01-11,-0.46076
2019-01-18,-0.48411
2019-01-25,-0.50827
2019-02-01,-0.53193
2019-02-08,-0.55221
2019-02-15,-0.56926
2019-02-22,-0.58235
2019-03-01,-0.59110
2019-03-08,-0.59616
2019-03-15,-0.59999
2019-03-22,-0.60391
2019-03-29,-0.60670
2019-04-05,-0.61089
2019-04-12,-0.61423
2019-04-19,-0.61627
2019-04-26,-0.61532
2019-05-03,-0.61190
2019-05-10,-0.60503
2019-05-17,-0.59672
2019-05-24,-0.58859
2019-05-31,-0.58051
2019-06-07,-0.57513
2019-06-14,-0.57299
2019-06-21,-0.57285
2019-06-28,-0.57516
2019-07-05,-0.57919
2019-07-12,-0.58119
2019-07-19,-0.58112
2019-07-26,-0.57799
2019-08-02,-0.57041
2019-08-09,-0.55972
2019-08-16,-0.54825
2019-08-23,-0.53808
2019-08-30,-0.52866
2019-09-06,-0.52172
2019-09-13,-0.51616
2019-09-20,-0.51194
2019-09-27,-0.51176
2019-10-04,-0.51518
2019-10-11,-0.52347
2019-10-18,-0.53588
2019-10-25,-0.54979
2019-11-01,-0.56194
2019-11-08,-0.57166
2019-11-15,-0.57690
2019-11-22,-0.57700
2019-11-29,-0.57209
2019-12-06,-0.56304
2019-12-13,-0.55532
2019-12-20,-0.55100
2019-12-27,-0.55540
2020-01-03,-0.56833
2020-01-10,-0.58823
2020-01-17,-0.60974
2020-01-24,-0.62330
2020-01-31,-0.62143
2020-02-07,-0.59608
2020-02-14,-0.53678
2020-02-21,-0.43693
2020-02-28,-0.29794
2020-03-06,-0.13629
2020-03-13,0.03065
2020-03-20,0.17650
2020-03-27,0.26862
2020-04-03,0.30614
2020-04-10,0.29171
2020-04-17,0.23541
2020-04-24,0.15656
2020-05-01,0.05881
2020-05-08,-0.04084
2020-05-15,-0.13093
2020-05-22,-0.21027
2020-05-29,-0.27319
2020-06-05,-0.31921
2020-06-12,-0.34855
2020-06-19,-0.37091
2020-06-26,-0.38904
2020-07-03,-0.40620
2020-07-10,-0.42487
2020-07-17,-0.44379
2020-07-24,-0.46298
2020-07-31,-0.48066
2020-08-07,-0.49445
2020-08-14,-0.50477
2020-08-21,-0.51089
2020-08-28,-0.51285
2020-09-04,-0.51056
2020-09-11,-0.50606
2020-09-18,-0.50217
2020-09-25,-0.49638
2020-10-02,-0.49318
2020-10-09,-0.49335
2020-10-16,-0.49583
2020-10-23,-0.50170
2020-10-30,-0.51013
2020-11-06,-0.52370
2020-11-13,-0.54044
2020-11-20,-0.55660
2020-11-27,-0.57117
2020-12-04,-0.58405
2020-12-11,-0.59424
2020-12-18,-0.60156
2020-12-25,-0.60771
2021-01-01,-0.61290
2021-01-08,-0.61730
2021-01-15,-0.61984
2021-01-22,-0.62171
2021-01-29,-0.62193
2021-02-05,-0.62407
2021-02-12,-0.62570
2021-02-19,-0.62739
2021-02-26,-0.62930
2021-03-05,-0.63338
2021-03-12,-0.63835
2021-03-19,-0.64372
2021-03-26,-0.65025
2021-04-02,-0.65712
2021-04-09,-0.66530
2021-04-16,-0.67209
2021-04-23,-0.67832
2021-04-30,-0.68360
2021-05-07,-0.68848
2021-05-14,-0.69050
2021-05-21,-0.69295
2021-05-28,-0.69507
2021-06-04,-0.69596
2021-06-11,-0.69517
2021-06-18,-0.69206
2021-06-25,-0.68801
2021-07-02,-0.68245
2021-07-09,-0.67576
2021-07-16,-0.66904
2021-07-23,-0.66250
2021-07-30,-0.65716
2021-08-06,-0.65247
2021-08-13,-0.64971
2021-08-20,-0.64800
2021-08-27,-0.64869
2021-09-03,-0.64987
2021-09-10,-0.65170
2021-09-17,-0.65384
2021-09-24,-0.65499
2021-10-01,-0.65521
2021-10-08,-0.65339
2021-10-15,-0.64767
2021-10-22,-0.63766
2021-10-29,-0.62305
2021-11-05,-0.60523
2021-11-12,-0.58584
2021-11-19,-0.56779
2021-11-26,-0.55175
2021-12-03,-0.54063
2021-12-10,-0.53855
2021-12-17,-0.54116
2021-12-24,-0.54822
2021-12-31,-0.55688
2022-01-07,-0.56288
2022-01-14,-0.56312
2022-01-21,-0.55670
2022-01-28,-0.54275
2022-02-04,-0.52395
2022-02-11,-0.49864
2022-02-18,-0.46912
2022-02-25,-0.43970
2022-03-04,-0.41270
2022-03-11,-0.39177
2022-03-18,-0.37997
2022-03-25,-0.37435
2022-04-01,-0.37212
2022-04-08,-0.36980
2022-04-15,-0.36312
2022-04-22,-0.35298
2022-04-29,-0.33810
2022-05-06,-0.32056
2022-05-13,-0.30172
2022-05-20,-0.28274
2022-05-27,-0.26145
2022-06-03,-0.23841
2022-06-10,-0.21399
2022-06-17,-0.19009
2022-06-24,-0.17423
2022-07-01,-0.16788
2022-07-08,-0.17098
2022-07-15,-0.18403
2022-07-22,-0.20275
2022-07-29,-0.22050
2022-08-05,-0.23332
2022-08-12,-0.24054
2022-08-19,-0.23808
2022-08-26,-0.22548
2022-09-02,-0.20459
2022-09-09,-0.17889
2022-09-16,-0.15131
2022-09-23,-0.12642
2022-09-30,-0.10799
2022-10-07,-0.10137
2022-10-14,-0.10373
2022-10-21,-0.11453
2022-10-28,-0.12980
2022-11-04,-0.14759
2022-11-11,-0.16458
2022-11-18,-0.17715
2022-11-25,-0.18476
2022-12-02,-0.18921
2022-12-09,-0.19202
2022-12-16,-0.19831
2022-12-23,-0.20816
2022-12-30,-0.22529
2023-01-06,-0.24782
2023-01-13,-0.27221
2023-01-20,-0.29301
2023-01-27,-0.30981
2023-02-03,-0.31718
2023-02-10,-0.31331
2023-02-17,-0.29888
2023-02-24,-0.27360
2023-03-03,-0.24292
2023-03-10,-0.21072
2023-03-17,-0.17930
2023-03-24,-0.16077
2023-03-31,-0.15720
2023-04-07,-0.16050
2023-04-14,-0.17179
2023-04-21,-0.18532
2023-04-28,-0.19595
2023-05-05,-0.20419
2023-05-12,-0.21074
2023-05-19,-0.21468
2023-05-26,-0.21651
2023-06-02,-0.21816
2023-06-09,-0.21902
2023-06-16,-0.22102
2023-06-23,-0.22517
2023-06-30,-0.23129
2023-07-07,-0.24005
2023-07-14,-0.25290
2023-07-21,-0.26773
2023-07-28,-0.28347
2023-08-04,-0.30073
2023-08-11,-0.31654
2023-08-18,-0.32902
2023-08-25,-0.33788
2023-09-01,-0.34362
2023-09-08,-0.34358
2023-09-15,-0.33895
2023-09-22,-0.32997
2023-09-29,-0.31764
2023-10-06,-0.30634
2023-10-13,-0.29658
2023-10-20,-0.29035
2023-10-27,-0.28915
2023-11-03,-0.29363
2023-11-10,-0.30200
2023-11-17,-0.31240
2023-11-24,-0.32355
2023-12-01,-0.33392
2023-12-08,-0.34268
2023-12-15,-0.35159
2023-12-22,-0.36064
2023-12-29,-0.36888
2024-01-05,-0.37726
2024-01-12,-0.38518
2024-01-19,-0.39220
2024-01-26,-0.39829
2024-02-02,-0.40516
2024-02-09,-0.41200
2024-02-16,-0.41994
2024-02-23,-0.42817
2024-03-01,-0.43452
2024-03-08,-0.43806
2024-03-15,-0.43939
2024-03-22,-0.43732
2024-03-29,-0.43250
2024-04-05,-0.42679
2024-04-12,-0.42065
2024-04-19,-0.41523
2024-04-26,-0.41285
2024-05-03,-0.41253
2024-05-10,-0.41309
2024-05-17,-0.41330
2024-05-24,-0.41258
2024-05-31,-0.40898
2024-06-07,-0.40328
2024-06-14,-0.39607
2024-06-21,-0.38844
2024-06-28,-0.38198
2024-07-05,-0.37706
2024-07-12,-0.37189
2024-07-19,-0.36714
2024-07-26,-0.36354
2024-08-02,-0.36147
2024-08-09,-0.36241
2024-08-16,-0.37067
2024-08-23,-0.38106
2024-08-30,-0.39281
2024-09-06,-0.40445
2024-09-13,-0.41472
2024-09-20,-0.42307
2024-09-27,-0.42956
2024-10-04,-0.43374
2024-10-11,-0.43675
2024-10-18,-0.44102
2024-10-25,-0.44532
2024-11-01,-0.45113
2024-11-08,-0.45901
2024-11-15,-0.46644
2024-11-22,-0.47151
2024-11-29,-0.47500
2024-12-06,-0.47744
